<?xml version="1.0"?>
<project>
	<property name="srcdir" location="src" />
	<property name="destdir" location="classes" />

	<property name="types.wsdlfile" value="dummy.wsdl" />

	<target name="typesWSDL">
		<exec executable="python" failonerror="true">
			<arg value="genwsdl.py" />
			<arg value="schema" />
			<arg value="${types.xsdfiles}" />
			<arg value="${types.wsdlfile}" />
		</exec>
	</target>

	<target name="types" depends="typesWSDL">
		<ant antfile="${build.stubs}" target="generateStubs">
			<property name="source.stubs.dir" location="schema" />
			<property name="target.stubs.dir" location="${srcdir}" />
			<property name="wsdl.file" value="${types.wsdlfile}" />
		</ant>
	</target>

	<target name="init">
		<mkdir dir="${destdir}" />
	</target>

	<target name="compileResource" depends="init">
		<javac srcdir="${srcdir}" destdir="${destdir}" debug="true" includes="${resource.src}">
			<classpath>
				<fileset dir="${globus.location}/lib">
					<include name="*/*.jar" />
					<include name="*.jar" />
				</fileset>
			</classpath>
		</javac>
	</target>

	<target name="generate" depends="compileResource">
		<java classname="jp.go.aist.gtrc.util.ServiceGenerator" failonerror="true" fork="true">
			<arg value="${resource.class.name}"/>
			<classpath>
				<pathelement location="${destdir}" />
				<fileset dir="${globus.location}/lib">
					<include name="*/*.jar" />
					<include name="*.jar" />
				</fileset>
			</classpath>
		</java>
	</target>

	<target name="copyResource">
		<copy toDir="${package.dir}/impl">
			<fileset dir="${srcdir}">
				<include name="${resource.src}" />
			</fileset>
		</copy>
	</target>
</project>
